2010000,Apryl,Molina,heading1860@duck.com,+14308282348,1989-08-13,Female,CIRE2675785,1091 Mason Alley,337 Naglee Park,Pinole,Niue,19506,2021-03-27 14:17:47.139055,2025-01-29 13:22:47.139055
2010001,Dreama,Byers,help1888@protonmail.com,+13366440326,1994-01-20,Other,RALX2544458,821 Persia Canyon,42 Telegraph Boulevard,Rockville,Syria,22515,2019-11-04 11:22:47.139055,2025-01-03 13:22:47.139055
2010003,Dallas,Wiley,controllers1907@protonmail.com,+1-906-668-9117,2008-07-23,Other,UQYW2917690,855 Linda Estate,160 Patten Creek,Lincoln,Marshall Islands,76288,2015-06-05 05:42:47.139055,2025-01-27 13:22:47.139055
2010006,Cyndy,Ford,skirts1997@gmail.com,+17195548406,1988-06-29,Female,YCCH1170492,1086 Head Pine,1124 Wayland Motorway,Elko,Congo - Kinshasa,53567,2021-07-27 10:40:47.139055,2024-06-13 13:22:47.139055
2010010,Lorenzo,Waller,box1925@gmail.com,+1-661-635-4503,1999-11-17,Female,PTTN3917181,633 Samoset Expressway,492 Duboce Garden,Tallahassee,Bolivia,81412,2017-02-15 01:40:47.139055,2024-11-24 13:22:47.139055
2010015,Theron,Wilson,billing2008@live.com,+1-917-281-2467,2008-03-09,Other,VSXG2349423,558 Lake Garden,461 Garcia Junction,McMinnville,U.S. Outlying Islands,87582,2021-09-18 03:10:47.139055,2023-09-15 13:22:47.139055
2010021,Kaley,Hyde,friday1845@example.org,+12788465835,1986-09-09,Female,XEHW1742962,320 La Bica Manor,924 Crags Ferry,Pico Rivera,Gambia,60270,2021-07-12 01:55:47.139055,2024-12-28 13:22:47.139055
2010028,Julio,Trevino,miscellaneous2034@protonmail.com,+18188193512,1995-05-21,Other,AYRL3957819,102 Trinity Mall,934 Thornburg Ferry,The Colony,Iraq,11065,2016-01-16 13:46:47.139055,2023-10-26 13:22:47.139055
2010036,Tenesha,George,roommate1904@gmail.com,+1-689-240-4116,2003-09-12,Male,PMIZ3382697,1329 Goethe Viaduct,1132 Myrtle Arcade,Des Plaines,Bosnia & Herzegovina,85090,2017-10-03 06:16:47.139055,2023-09-23 13:22:47.139055
2010045,Romelia,Nielsen,class2013@yandex.com,+18084745375,1997-12-27,Female,VMPX2269363,1044 Thrift Terrace,82 Havens Grove,Sycamore,Cuba,39492,2019-10-03 00:06:47.139055,2025-01-27 13:22:47.139055
2010055,Douglas,Abbott,transparent2020@yandex.com,+17704181479,1995-04-13,Other,NABZ2723188,327 Yale Circle,96 Cotter Hills,Nicholasville,Niger,58353,2020-12-29 02:08:47.139055,2024-08-03 13:22:47.139055
2010066,Tasia,Dale,zoloft1830@outlook.com,+1-423-048-0295,1990-07-20,Other,NTJD2447529,363 Cunningham Road,8 Sonora Walk,Winter Park,Kosovo,28006,2019-03-11 12:38:47.139055,2024-04-28 13:22:47.139055
2010078,Keitha,Mcmillan,foul1850@live.com,+13851878570,2000-10-11,Female,ZYMH3735735,843 Truby Walk,1373 Racine Trace,Portage,Sudan,54401,2022-08-28 22:13:47.139055,2024-09-19 13:22:47.139055
2010091,Noah,Maynard,cgi2010@live.com,+19120278848,1994-07-02,Female,DOTU2772744,1371 Short Drive,992 Young Expressway,Newton,Aruba,04255,2016-02-14 06:29:47.139055,2024-02-29 13:22:47.139055
2010105,Olinda,Huff,doc1969@live.com,+12404849030,1988-06-24,Male,BFZI2848941,166 Van Ness Pike,204 The Embarcadero Place,Lorain,Myanmar,93064,2017-10-22 20:28:47.139055,2024-10-07 13:22:47.139055
2010120,Marica,Atkins,discrete1940@example.org,+12406102161,2000-06-03,Other,LPXW2133519,373 Butte Road,1157 Clement Bayou,Shakopee,Bangladesh,19293,2018-08-19 10:31:47.139055,2023-12-04 13:22:47.139055
2010136,Priscila,Mullins,outputs1882@outlook.com,+19162281107,2008-02-25,Female,WJVT2712625,209 Sunrise Drive,1020 Oloran Lake,Palo Alto,Vatican City,61880,2019-05-11 08:07:47.139055,2025-02-06 13:22:47.139055
2010153,Ellis,Castaneda,contain2061@example.org,+18642432856,2005-10-21,Male,AOPB1966138,634 Brannan Trace,1110 Pacific Viaduct,Santa Barbara,Myanmar,86829,2018-06-15 13:12:47.139055,2023-12-28 13:22:47.139055
2010171,Henry,Hernandez,plymouth2051@example.com,+15853931584,2006-03-17,Other,IPEX2332864,74 Newton Place,185 Sunview Ranch,Madisonville,Benin,15580,2019-11-07 19:32:47.139055,2023-08-23 13:22:47.139055
2010190,Deandra,Hodge,palestinian2030@duck.com,+1-317-336-7935,1981-06-08,Female,UZAW3828832,665 Alton Grove,1391 Marina Square,Piqua,Kenya,23198,2020-08-11 17:46:47.139055,2024-10-07 13:22:47.139055
